comparison,HR_subdist,ci_lo,ci_hi,pval
DBS vs Never-DBS,1.8576510948621836,1.2823531870481972,2.6910430177087936,0.0010557552220242794
