arm,n,n_remain,n_dropout,dropout_rate
Never-DBS,999,381,618,0.6186186186186228
DBS,86,56,30,0.34883720930232576
