window,p_raw,p_holm
baseline,0.8882235528942116,0.8882235528942116
early_post,0.11377245508982035,0.2275449101796407
late_post,0.0499001996007984,0.14970059880239522
