comparison,HR,ci_lo,ci_hi,pval
DBS vs Never-DBS (cause-specific Cox),1.842216052780395,1.2267687456926122,2.7664219495628917,0.0032274103549622605
