arm,n,n_zero,n_nonzero,max_wt,p90,p95,p99
DBS,53,5,48,1,1,1,1
Never-DBS,914,829,85,1.7708333333333333,0,0.8854166666666666,1.7708333333333333
